,dateComponents,activeEnergyBurned,activeEnergyBurnedGoal,activeEnergyBurnedUnit,appleExerciseTime,appleExerciseTimeGoal,appleStandHours,appleStandHoursGoal
0,2020-09-04,0.0,0,kcal,0,30,0,12
1,2020-09-05,0.0,0,kcal,0,30,0,12
2,2021-02-28,0.0,0,kcal,0,30,0,12
3,2021-03-01,1.572,660,kcal,0,60,0,8
4,2021-03-02,923.525,660,kcal,123,60,14,8
5,2021-03-03,871.618,660,kcal,156,60,12,8
6,2021-03-04,738.487,660,kcal,131,60,13,8
7,2021-03-05,649.889,660,kcal,102,60,14,8
8,2021-03-06,1247.65,660,kcal,221,60,15,8
9,2021-03-07,908.148,660,kcal,156,60,12,8
10,2021-03-08,660.983,660,kcal,127,60,10,8
11,2021-03-09,725.91,660,kcal,132,60,15,8
12,2021-03-10,855.075,660,kcal,155,60,14,8
13,2021-03-11,850.696,660,kcal,166,60,12,8
14,2021-03-12,726.85,660,kcal,138,60,10,8
15,2021-03-13,1239.56,660,kcal,220,60,13,8
16,2021-03-14,1246.8,660,kcal,193,60,15,8
17,2021-03-15,882.711,660,kcal,177,60,12,8
18,2021-03-16,707.964,660,kcal,133,60,13,8
19,2021-03-17,986.865,660,kcal,145,60,16,8
20,2021-03-18,975.823,660,kcal,185,60,14,8
21,2021-03-19,963.202,660,kcal,183,60,14,8
22,2021-03-20,1386.87,660,kcal,249,60,15,8
23,2021-03-21,1208.69,660,kcal,233,60,16,8
24,2021-03-22,818.402,660,kcal,161,60,13,8
25,2021-03-23,738.695,660,kcal,130,60,17,8
26,2021-03-24,922.871,660,kcal,149,60,13,8
27,2021-03-25,925.687,660,kcal,164,60,14,8
28,2021-03-26,912.21,660,kcal,177,60,15,8
29,2021-03-27,1106.86,660,kcal,177,60,16,8
30,2021-03-28,1228.35,660,kcal,247,60,15,8
31,2021-03-29,713.557,660,kcal,127,60,10,8
32,2021-03-30,985.214,660,kcal,177,60,11,8
33,2021-03-31,737.333,660,kcal,121,60,13,8
34,2021-04-01,926.982,660,kcal,158,60,11,8
35,2021-04-02,898.092,660,kcal,187,60,13,8
36,2021-04-03,1077.77,660,kcal,166,60,14,8
37,2021-04-04,1058.9,660,kcal,185,60,13,8
38,2021-04-05,1091.44,660,kcal,194,60,16,8
39,2021-04-06,788.681,660,kcal,129,60,14,8
40,2021-04-07,705.801,660,kcal,122,60,15,8
41,2021-04-08,832.508,660,kcal,167,60,12,8
42,2021-04-09,947.273,660,kcal,166,60,14,8
43,2021-04-10,1026.78,660,kcal,175,60,14,8
44,2021-04-11,1091.79,660,kcal,188,60,15,8
45,2021-04-12,981.141,660,kcal,166,60,15,8
46,2021-04-13,990.006,660,kcal,167,60,15,8
47,2021-04-14,991.058,660,kcal,164,60,16,8
48,2021-04-15,940.26,660,kcal,161,60,14,8
49,2021-04-16,852.327,660,kcal,154,60,15,8
50,2021-04-17,1095.98,660,kcal,206,60,14,8
51,2021-04-18,1502.94,660,kcal,264,60,17,8
52,2021-04-19,927.66,660,kcal,171,60,13,8
53,2021-04-20,938.633,660,kcal,172,60,13,8
54,2021-04-21,997.738,660,kcal,155,60,12,8
55,2021-04-22,906.985,660,kcal,139,60,14,8
56,2021-04-23,700.915,660,kcal,141,60,15,8
57,2021-04-24,1421.32,660,kcal,212,60,17,8
58,2021-04-25,1271.56,660,kcal,216,60,15,8
59,2021-04-26,793.393,660,kcal,145,60,12,8
60,2021-04-27,1063.28,660,kcal,139,60,16,8
61,2021-04-28,830.916,660,kcal,117,60,14,8
62,2021-04-29,984.261,660,kcal,142,60,14,8
63,2021-04-30,1284.83,660,kcal,221,60,16,8
64,2021-05-01,1499.81,660,kcal,278,60,16,8
65,2021-05-02,1503.82,660,kcal,258,60,16,8
66,2021-05-03,1032.46,660,kcal,160,60,15,8
67,2021-05-04,999.969,660,kcal,187,60,15,8
68,2021-05-05,1167.95,660,kcal,174,60,16,8
69,2021-05-06,857.783,660,kcal,163,60,13,8
70,2021-05-07,791.352,660,kcal,162,60,14,8
71,2021-05-08,1489.85,660,kcal,223,60,15,8
72,2021-05-09,1281.34,660,kcal,221,60,17,8
73,2021-05-10,871.184,660,kcal,166,60,15,8
74,2021-05-11,1221.04,660,kcal,209,60,15,8
75,2021-05-12,969.012,660,kcal,176,60,13,8
76,2021-05-13,1247.16,660,kcal,212,60,15,8
77,2021-05-14,827.477,660,kcal,139,60,14,8
78,2021-05-15,1658.21,660,kcal,235,60,17,8
79,2021-05-16,1254.18,660,kcal,228,60,17,8
80,2021-05-17,884.098,660,kcal,154,60,17,8
81,2021-05-18,1374.45,660,kcal,225,60,17,8
82,2021-05-19,854.357,660,kcal,144,60,13,8
83,2021-05-20,1146.74,660,kcal,168,60,15,8
84,2021-05-21,1028.46,660,kcal,184,60,16,8
85,2021-05-22,1264.69,660,kcal,216,60,17,8
86,2021-05-23,1157.11,660,kcal,215,60,15,8
87,2021-05-24,1265.27,660,kcal,255,60,15,8
88,2021-05-25,900.575,660,kcal,153,60,18,8
89,2021-05-26,1081.74,660,kcal,201,60,15,8
90,2021-05-27,971.11,660,kcal,154,60,14,8
91,2021-05-28,1029.04,660,kcal,214,60,17,8
92,2021-05-29,1376.04,660,kcal,219,60,15,8
93,2021-05-30,1300.81,660,kcal,192,60,17,8
94,2021-05-31,935.461,660,kcal,157,60,16,8
95,2021-06-01,1201.85,660,kcal,174,60,17,8
96,2021-06-02,1035.03,660,kcal,176,60,15,8
97,2021-06-03,886.307,660,kcal,149,60,15,8
98,2021-06-04,836.234,660,kcal,146,60,17,8
99,2021-06-05,1334.16,660,kcal,199,60,14,8
100,2021-06-06,1285.68,660,kcal,197,60,15,8
101,2021-06-07,990.157,660,kcal,188,60,14,8
102,2021-06-08,951.14,660,kcal,149,60,15,8
103,2021-06-09,1098.97,660,kcal,177,60,14,8
104,2021-06-10,1428.58,660,kcal,194,60,16,8
105,2021-06-11,874.062,660,kcal,168,60,17,8
106,2021-06-12,1450.66,660,kcal,222,60,16,8
107,2021-06-13,1150.75,660,kcal,209,60,15,8
108,2021-06-14,1220.69,660,kcal,165,60,15,8
109,2021-06-15,1014.61,660,kcal,154,60,16,8
110,2021-06-16,963.796,660,kcal,168,60,15,8
111,2021-06-17,1441.6,660,kcal,202,60,17,8
112,2021-06-18,915.875,660,kcal,174,60,13,8
113,2021-06-19,1508.36,660,kcal,229,60,14,8
114,2021-06-20,1365.94,660,kcal,235,60,16,8
115,2021-06-21,999.265,660,kcal,171,60,14,8
116,2021-06-22,1032.24,660,kcal,160,60,12,8
117,2021-06-23,1105.37,660,kcal,142,60,14,8
118,2021-06-24,986.177,660,kcal,162,60,16,8
119,2021-06-25,876.284,660,kcal,140,60,17,8
120,2021-06-26,1438.69,660,kcal,222,60,15,8
121,2021-06-27,1605.09,660,kcal,226,60,16,8
122,2021-06-28,884.704,660,kcal,160,60,14,8
123,2021-06-29,1164.31,660,kcal,187,60,17,8
124,2021-06-30,1030.66,660,kcal,165,60,16,8
125,2021-07-01,1085.01,660,kcal,141,60,17,8
126,2021-07-02,1023.54,660,kcal,176,60,16,8
127,2021-07-03,1223.32,660,kcal,186,60,17,8
128,2021-07-04,1488.49,660,kcal,231,60,14,8
129,2021-07-05,889.369,660,kcal,163,60,15,8
130,2021-07-06,1305.25,660,kcal,175,60,16,8
131,2021-07-07,963.128,660,kcal,140,60,17,8
132,2021-07-08,1147.26,660,kcal,202,60,15,8
133,2021-07-09,1190.9,660,kcal,141,60,16,8
134,2021-07-10,1551.6,660,kcal,162,60,16,8
135,2021-07-11,1148.05,660,kcal,132,60,16,8
136,2021-07-12,1259.39,660,kcal,182,60,17,8
137,2021-07-13,1068.47,660,kcal,125,60,17,8
138,2021-07-14,1025.89,660,kcal,199,60,15,8
139,2021-07-15,1109.06,660,kcal,209,60,16,8
140,2021-07-16,935.45,660,kcal,104,60,17,8
141,2021-07-17,1537.26,660,kcal,167,60,18,8
142,2021-07-18,1470.98,660,kcal,173,60,16,8
143,2021-07-19,1061.83,660,kcal,184,60,14,8
144,2021-07-20,1183.78,660,kcal,154,60,16,8
145,2021-07-21,1039.72,660,kcal,174,60,16,8
146,2021-07-22,1421.1,660,kcal,218,60,17,8
147,2021-07-23,2209.03,660,kcal,348,60,15,8
148,2021-07-24,1867.87,660,kcal,327,60,16,8
149,2021-07-25,1473.02,660,kcal,231,60,18,8
150,2021-07-26,942.342,660,kcal,154,60,17,8
151,2021-07-27,1211.27,660,kcal,164,60,14,8
152,2021-07-28,1041.04,660,kcal,148,60,16,8
153,2021-07-29,912.851,660,kcal,161,60,16,8
154,2021-07-30,1125.35,660,kcal,178,60,15,8
155,2021-07-31,1643.06,660,kcal,241,60,16,8
156,2021-08-01,1245.09,660,kcal,218,60,16,8
157,2021-08-02,1024.96,660,kcal,183,60,16,8
158,2021-08-03,1149.46,660,kcal,187,60,17,8
159,2021-08-04,1154.62,660,kcal,196,60,13,8
160,2021-08-05,1068.27,660,kcal,183,60,13,8
161,2021-08-06,1120.76,660,kcal,171,60,16,8
162,2021-08-07,1497.83,660,kcal,199,60,16,8
163,2021-08-08,1249.44,660,kcal,192,60,16,8
164,2021-08-09,983.65,660,kcal,154,60,17,8
165,2021-08-10,949.021,660,kcal,149,60,15,8
166,2021-08-11,889.72,660,kcal,144,60,14,8
167,2021-08-12,1035.69,660,kcal,152,60,15,8
168,2021-08-13,1087.22,660,kcal,165,60,17,8
169,2021-08-14,1237.2,660,kcal,169,60,16,8
170,2021-08-15,1291.02,660,kcal,205,60,15,8
171,2021-08-16,825.238,660,kcal,134,60,14,8
172,2021-08-17,1041.38,660,kcal,160,60,18,8
173,2021-08-18,999.368,660,kcal,149,60,16,8
174,2021-08-19,916.531,660,kcal,136,60,14,8
175,2021-08-20,1005.81,660,kcal,164,60,14,8
176,2021-08-21,1364.59,660,kcal,153,60,17,8
177,2021-08-22,1649.66,660,kcal,265,60,17,8
178,2021-08-23,1285.48,660,kcal,174,60,16,8
179,2021-08-24,1097.03,660,kcal,173,60,17,8
180,2021-08-25,1208.39,660,kcal,176,60,17,8
181,2021-08-26,1052.11,660,kcal,180,60,15,8
182,2021-08-27,1149.85,660,kcal,199,60,16,8
183,2021-08-28,1521.86,660,kcal,202,60,15,8
184,2021-08-29,1478.21,660,kcal,240,60,16,8
185,2021-08-30,1043.14,660,kcal,152,60,15,8
186,2021-08-31,1114.36,660,kcal,166,60,17,8
187,2021-09-01,975.038,660,kcal,137,60,17,8
188,2021-09-02,1499.66,660,kcal,241,60,16,8
189,2021-09-03,1140.54,660,kcal,171,60,17,8
190,2021-09-04,1313.9,660,kcal,160,60,16,8
191,2021-09-05,1697.45,660,kcal,291,60,15,8
192,2021-09-06,1011.55,660,kcal,161,60,18,8
193,2021-09-07,1001.46,660,kcal,161,60,15,8
194,2021-09-08,1074.56,660,kcal,181,60,18,8
195,2021-09-09,1063.04,660,kcal,161,60,16,8
196,2021-09-10,1045.4,660,kcal,164,60,14,8
197,2021-09-11,1733.94,660,kcal,264,60,16,8
198,2021-09-12,1547.61,660,kcal,252,60,16,8
199,2021-09-13,1269.0,660,kcal,222,60,16,8
200,2021-09-14,1142.61,660,kcal,171,60,16,8
201,2021-09-15,1015.07,660,kcal,156,60,18,8
202,2021-09-16,1135.37,660,kcal,199,60,16,8
203,2021-09-17,1150.34,660,kcal,183,60,18,8
204,2021-09-18,1848.16,660,kcal,221,60,15,8
205,2021-09-19,1647.5,660,kcal,282,60,17,8
206,2021-09-20,1096.56,660,kcal,192,60,14,8
207,2021-09-21,1064.49,660,kcal,155,60,15,8
208,2021-09-22,1038.33,660,kcal,170,60,15,8
209,2021-09-23,1133.78,660,kcal,178,60,16,8
210,2021-09-24,1168.68,660,kcal,193,60,13,8
211,2021-09-25,1977.07,660,kcal,319,60,16,8
212,2021-09-26,1639.14,660,kcal,308,60,17,8
213,2021-09-27,1147.74,660,kcal,196,60,16,8
214,2021-09-28,1111.17,660,kcal,184,60,16,8
215,2021-09-29,1073.69,660,kcal,187,60,16,8
216,2021-09-30,992.077,660,kcal,179,60,15,8
217,2021-10-01,1143.45,660,kcal,175,60,16,8
218,2021-10-02,1650.02,660,kcal,242,60,15,8
219,2021-10-03,1098.69,660,kcal,216,60,14,8
220,2021-10-04,1127.14,660,kcal,189,60,15,8
221,2021-10-05,1099.31,660,kcal,170,60,16,8
222,2021-10-06,1046.1,660,kcal,173,60,10,8
223,2021-10-07,919.385,660,kcal,176,60,14,8
224,2021-10-08,1439.36,660,kcal,212,60,13,8
225,2021-10-09,1730.15,660,kcal,297,60,15,8
226,2021-10-10,1333.29,660,kcal,256,60,14,8
227,2021-10-11,1052.18,660,kcal,178,60,15,8
228,2021-10-12,1095.68,660,kcal,175,60,15,8
229,2021-10-13,1082.79,660,kcal,178,60,11,8
230,2021-10-14,953.178,660,kcal,174,60,14,8
231,2021-10-15,1206.41,660,kcal,204,60,14,8
232,2021-10-16,1194.04,660,kcal,252,60,14,8
233,2021-10-17,1237.73,660,kcal,224,60,15,8
234,2021-10-18,1184.41,660,kcal,224,60,12,8
235,2021-10-19,1011.07,660,kcal,175,60,13,8
236,2021-10-20,919.714,660,kcal,162,60,12,8
237,2021-10-21,763.045,660,kcal,143,60,16,8
238,2021-10-22,1092.83,660,kcal,186,60,15,8
239,2021-10-23,1793.17,660,kcal,314,60,15,8
240,2021-10-24,1554.66,660,kcal,264,60,16,8
241,2021-10-25,1050.48,660,kcal,181,60,11,8
242,2021-10-26,1358.73,660,kcal,207,60,15,8
243,2021-10-27,1070.98,660,kcal,187,60,14,8
244,2021-10-28,925.198,660,kcal,160,60,15,8
245,2021-10-29,1381.42,660,kcal,216,60,12,8
246,2021-10-30,1345.41,660,kcal,273,60,14,8
247,2021-10-31,1190.34,660,kcal,259,60,14,8
248,2021-11-01,1249.63,660,kcal,227,60,16,8
249,2021-11-02,1044.63,660,kcal,233,60,15,8
250,2021-11-03,1061.47,660,kcal,224,60,14,8
251,2021-11-04,1134.03,660,kcal,244,60,16,8
252,2021-11-05,1231.28,660,kcal,257,60,15,8
253,2021-11-06,1212.9,660,kcal,228,60,17,8
254,2021-11-07,1239.09,660,kcal,284,60,16,8
255,2021-11-08,1147.77,660,kcal,223,60,15,8
256,2021-11-09,1085.9,660,kcal,214,60,14,8
257,2021-11-10,1264.87,660,kcal,284,60,15,8
258,2021-11-11,1331.65,660,kcal,308,60,14,8
259,2021-11-12,1558.76,660,kcal,314,60,16,8
260,2021-11-13,1375.66,660,kcal,260,60,17,8
261,2021-11-14,1538.43,660,kcal,297,60,16,8
262,2021-11-15,1119.86,660,kcal,238,60,15,8
263,2021-11-16,1047.52,660,kcal,201,60,14,8
264,2021-11-17,1064.94,660,kcal,175,60,15,8
265,2021-11-18,915.483,660,kcal,174,60,15,8
266,2021-11-19,1156.66,660,kcal,191,60,14,8
267,2021-11-20,1266.06,660,kcal,215,60,16,8
268,2021-11-21,1411.23,660,kcal,266,60,17,8
269,2021-11-22,1082.49,660,kcal,179,60,16,8
270,2021-11-23,1232.47,660,kcal,217,60,16,8
271,2021-11-24,1249.31,660,kcal,222,60,13,8
272,2021-11-25,1124.01,660,kcal,236,60,15,8
273,2021-11-26,920.33,660,kcal,189,60,12,8
274,2021-11-27,1238.13,660,kcal,206,60,15,8
275,2021-11-28,1203.5,660,kcal,237,60,16,8
276,2021-11-29,1256.16,660,kcal,222,60,17,8
277,2021-11-30,1194.78,660,kcal,187,60,18,8
278,2021-12-01,1288.76,660,kcal,219,60,16,8
279,2021-12-02,1034.35,660,kcal,192,60,15,8
280,2021-12-03,1243.53,660,kcal,217,60,12,8
281,2021-12-04,1453.5,660,kcal,259,60,17,8
282,2021-12-05,1487.86,660,kcal,289,60,16,8
283,2021-12-06,1119.0,660,kcal,199,60,17,8
284,2021-12-07,1057.57,660,kcal,195,60,16,8
285,2021-12-08,1151.79,660,kcal,201,60,16,8
286,2021-12-09,941.077,660,kcal,177,60,17,8
287,2021-12-10,1242.97,660,kcal,233,60,17,8
288,2021-12-11,1479.5,660,kcal,356,60,16,8
289,2021-12-12,1372.73,660,kcal,278,60,16,8
290,2021-12-13,1024.65,660,kcal,193,60,16,8
291,2021-12-14,1134.23,660,kcal,183,60,17,8
292,2021-12-15,1164.41,660,kcal,219,60,15,8
293,2021-12-16,1069.0,660,kcal,204,60,15,8
294,2021-12-17,1181.35,660,kcal,227,60,14,8
295,2021-12-18,1468.36,660,kcal,297,60,17,8
296,2021-12-19,1291.05,660,kcal,277,60,15,8
297,2021-12-20,1382.94,660,kcal,265,60,17,8
298,2021-12-21,1280.09,660,kcal,263,60,14,8
299,2021-12-22,1401.0,660,kcal,276,60,16,8
300,2021-12-23,945.318,660,kcal,197,60,15,8
301,2021-12-24,1146.53,660,kcal,212,60,15,8
302,2021-12-25,1527.36,660,kcal,227,60,17,8
303,2021-12-26,1342.71,660,kcal,284,60,14,8
304,2021-12-27,1190.74,660,kcal,208,60,15,8
305,2021-12-28,1200.74,660,kcal,210,60,14,8
306,2021-12-29,1159.01,660,kcal,185,60,15,8
307,2021-12-30,1073.78,660,kcal,209,60,16,8
308,2021-12-31,1116.16,660,kcal,202,60,16,8
309,2022-01-01,1673.39,660,kcal,281,60,16,8
310,2022-01-02,1361.56,660,kcal,258,60,17,8
311,2022-01-03,1096.64,660,kcal,194,60,14,8
312,2022-01-04,1140.83,660,kcal,195,60,15,8
313,2022-01-05,1220.42,660,kcal,201,60,17,8
314,2022-01-06,1090.06,660,kcal,215,60,17,8
315,2022-01-07,1011.68,660,kcal,177,60,15,8
316,2022-01-08,1592.34,660,kcal,245,60,12,8
317,2022-01-09,1459.22,660,kcal,274,60,17,8
318,2022-01-10,986.691,660,kcal,187,60,16,8
319,2022-01-11,1329.65,660,kcal,211,60,17,8
320,2022-01-12,936.84,660,kcal,183,60,13,8
321,2022-01-13,1265.04,660,kcal,198,60,16,8
322,2022-01-14,976.561,660,kcal,175,60,16,8
323,2022-01-15,1522.11,660,kcal,273,60,15,8
324,2022-01-16,1291.58,660,kcal,226,60,17,8
325,2022-01-17,939.078,660,kcal,178,60,17,8
326,2022-01-18,1234.04,660,kcal,194,60,18,8
327,2022-01-19,1018.4,660,kcal,191,60,15,8
328,2022-01-20,1159.9,660,kcal,188,60,16,8
329,2022-01-21,1010.39,660,kcal,204,60,16,8
330,2022-01-22,1642.84,660,kcal,276,60,16,8
331,2022-01-23,1201.92,660,kcal,232,60,17,8
332,2022-01-24,818.867,660,kcal,145,60,15,8
333,2022-01-25,935.741,660,kcal,182,60,14,8
334,2022-01-26,1419.35,660,kcal,260,60,13,8
335,2022-01-27,1046.73,660,kcal,210,60,15,8
336,2022-01-28,1334.3,660,kcal,215,60,15,8
337,2022-01-29,991.559,660,kcal,185,60,16,8
338,2022-01-30,1392.49,660,kcal,232,60,15,8
339,2022-01-31,929.225,660,kcal,156,60,17,8
340,2022-02-01,1217.05,660,kcal,199,60,14,8
341,2022-02-02,835.472,660,kcal,153,60,14,8
342,2022-02-03,934.405,660,kcal,172,60,14,8
343,2022-02-04,1303.77,660,kcal,211,60,15,8
344,2022-02-05,1074.89,660,kcal,228,60,16,8
345,2022-02-06,1248.52,660,kcal,217,60,14,8
346,2022-02-07,826.346,660,kcal,161,60,15,8
347,2022-02-08,925.053,660,kcal,154,60,15,8
348,2022-02-09,1047.04,660,kcal,184,60,16,8
349,2022-02-10,852.886,660,kcal,153,60,13,8
350,2022-02-11,1182.95,660,kcal,197,60,13,8
351,2022-02-12,1169.91,660,kcal,232,60,16,8
352,2022-02-13,1515.86,660,kcal,258,60,17,8
353,2022-02-14,867.985,660,kcal,175,60,15,8
354,2022-02-15,980.885,660,kcal,157,60,16,8
355,2022-02-16,1185.73,660,kcal,202,60,16,8
356,2022-02-17,859.52,660,kcal,159,60,14,8
357,2022-02-18,1197.68,660,kcal,194,60,15,8
358,2022-02-19,1207.35,660,kcal,235,60,15,8
359,2022-02-20,1517.49,660,kcal,264,60,15,8
360,2022-02-21,938.822,660,kcal,173,60,17,8
361,2022-02-22,1127.35,660,kcal,175,60,17,8
362,2022-02-23,894.213,660,kcal,171,60,17,8
363,2022-02-24,866.467,660,kcal,168,60,16,8
364,2022-02-25,1229.32,660,kcal,197,60,17,8
365,2022-02-26,1238.08,660,kcal,261,60,16,8
366,2022-02-27,1614.91,660,kcal,271,60,16,8
367,2022-02-28,957.524,660,kcal,160,60,16,8
368,2022-03-01,1061.65,660,kcal,204,60,16,8
369,2022-03-02,1193.8,660,kcal,185,60,16,8
370,2022-03-03,1171.13,660,kcal,190,60,16,8
371,2022-03-04,930.558,660,kcal,185,60,17,8
372,2022-03-05,1280.09,660,kcal,253,60,17,8
373,2022-03-06,1327.95,660,kcal,251,60,13,8
374,2022-03-07,981.926,660,kcal,177,60,17,8
375,2022-03-08,1120.82,660,kcal,182,60,16,8
376,2022-03-09,1093.15,660,kcal,177,60,16,8
377,2022-03-10,1179.26,660,kcal,182,60,15,8
378,2022-03-11,1103.22,660,kcal,203,60,17,8
379,2022-03-12,1423.12,660,kcal,225,60,17,8
380,2022-03-13,1505.89,660,kcal,292,60,16,8
381,2022-03-14,1005.19,660,kcal,202,60,16,8
382,2022-03-15,1061.82,660,kcal,194,60,16,8
383,2022-03-16,1188.63,660,kcal,186,60,15,8
384,2022-03-17,1079.07,660,kcal,202,60,16,8
385,2022-03-18,1113.94,660,kcal,193,60,16,8
386,2022-03-19,1334.99,660,kcal,261,60,16,8
387,2022-03-20,1746.92,660,kcal,304,60,17,8
388,2022-03-21,1107.71,660,kcal,214,60,17,8
389,2022-03-22,1264.94,660,kcal,185,60,16,8
390,2022-03-23,1082.73,660,kcal,204,60,16,8
391,2022-03-24,1076.04,660,kcal,218,60,14,8
392,2022-03-25,848.774,660,kcal,159,60,15,8
393,2022-03-26,1704.7,660,kcal,316,60,17,8
394,2022-03-27,1529.33,660,kcal,288,60,16,8
395,2022-03-28,994.744,660,kcal,221,60,16,8
396,2022-03-29,1113.1,660,kcal,210,60,15,8
397,2022-03-30,1126.52,660,kcal,174,60,17,8
398,2022-03-31,979.854,660,kcal,185,60,16,8
399,2022-04-01,813.913,660,kcal,162,60,18,8
400,2022-04-02,993.171,660,kcal,196,60,18,8
401,2022-04-03,993.806,660,kcal,185,60,18,8
402,2022-04-04,1067.85,660,kcal,229,60,17,8
403,2022-04-05,1236.03,660,kcal,213,60,18,8
404,2022-04-06,1055.15,660,kcal,185,60,16,8
405,2022-04-07,1000.75,660,kcal,167,60,18,8
406,2022-04-08,789.83,660,kcal,121,60,14,8
407,2022-04-09,1321.98,660,kcal,248,60,16,8
408,2022-04-10,1014.81,660,kcal,189,60,11,8
409,2022-04-11,1304.39,660,kcal,236,60,17,8
410,2022-04-12,907.674,660,kcal,170,60,15,8
411,2022-04-13,980.422,660,kcal,165,60,17,8
412,2022-04-14,1131.97,660,kcal,215,60,17,8
413,2022-04-15,1189.74,660,kcal,223,60,17,8
414,2022-04-16,1724.4,660,kcal,310,60,16,8
415,2022-04-17,1435.42,660,kcal,310,60,16,8
416,2022-04-18,1510.12,660,kcal,284,60,16,8
417,2022-04-19,1027.5,660,kcal,202,60,13,8
418,2022-04-20,962.498,660,kcal,197,60,14,8
419,2022-04-21,1109.6,660,kcal,182,60,17,8
420,2022-04-22,1194.96,660,kcal,207,60,16,8
421,2022-04-23,1600.03,660,kcal,324,60,15,8
422,2022-04-24,1750.34,660,kcal,263,60,15,8
423,2022-04-25,1162.04,660,kcal,210,60,18,8
424,2022-04-26,1324.17,660,kcal,222,60,17,8
425,2022-04-27,1264.33,660,kcal,204,60,15,8
426,2022-04-28,1172.13,660,kcal,175,60,16,8
427,2022-04-29,1159.72,660,kcal,221,60,16,8
428,2022-04-30,1378.64,660,kcal,279,60,16,8
429,2022-05-01,1704.77,660,kcal,307,60,16,8
430,2022-05-02,1295.38,660,kcal,189,60,15,8
431,2022-05-03,1177.04,660,kcal,208,60,16,8
432,2022-05-04,1108.49,660,kcal,206,60,16,8
433,2022-05-05,1141.37,660,kcal,189,60,14,8
434,2022-05-06,1289.5,660,kcal,204,60,17,8
435,2022-05-07,1661.78,660,kcal,288,60,15,8
436,2022-05-08,2003.41,660,kcal,293,60,15,8
437,2022-05-09,1240.16,660,kcal,213,60,16,8
438,2022-05-10,1211.78,660,kcal,177,60,17,8
439,2022-05-11,1102.86,660,kcal,205,60,15,8
440,2022-05-12,982.756,660,kcal,188,60,14,8
441,2022-05-13,1136.3,660,kcal,205,60,13,8
442,2022-05-14,1861.1,660,kcal,325,60,15,8
443,2022-05-15,1374.65,660,kcal,261,60,17,8
444,2022-05-16,1231.76,660,kcal,183,60,15,8
445,2022-05-17,1069.58,660,kcal,184,60,15,8
446,2022-05-18,1444.9,660,kcal,237,60,16,8
447,2022-05-19,1133.01,660,kcal,194,60,16,8
448,2022-05-20,1103.48,660,kcal,201,60,15,8
449,2022-05-21,1475.27,660,kcal,282,60,15,8
450,2022-05-22,2007.68,660,kcal,335,60,16,8
451,2022-05-23,1267.3,660,kcal,209,60,13,8
452,2022-05-24,1182.83,660,kcal,176,60,15,8
453,2022-05-25,1101.56,660,kcal,199,60,16,8
454,2022-05-26,1296.46,660,kcal,231,60,15,8
455,2022-05-27,1103.04,660,kcal,211,60,16,8
456,2022-05-28,1698.9,660,kcal,270,60,16,8
457,2022-05-29,1373.64,660,kcal,237,60,17,8
458,2022-05-30,1173.9,660,kcal,189,60,15,8
459,2022-05-31,1148.29,660,kcal,183,60,14,8
460,2022-06-01,1028.85,660,kcal,190,60,16,8
461,2022-06-02,1053.96,660,kcal,192,60,15,8
462,2022-06-03,1268.86,660,kcal,212,60,16,8
463,2022-06-04,1700.48,660,kcal,333,60,16,8
464,2022-06-05,1443.72,660,kcal,234,60,16,8
465,2022-06-06,1156.49,660,kcal,225,60,15,8
466,2022-06-07,1094.33,660,kcal,170,60,15,8
467,2022-06-08,1125.23,660,kcal,214,60,13,8
468,2022-06-09,1292.04,660,kcal,179,60,15,8
469,2022-06-10,1009.99,660,kcal,206,60,15,8
470,2022-06-11,1321.72,660,kcal,241,60,17,8
471,2022-06-12,1509.87,660,kcal,252,60,17,8
472,2022-06-13,941.999,660,kcal,164,60,16,8
473,2022-06-14,953.505,660,kcal,184,60,17,8
474,2022-06-15,1239.46,660,kcal,211,60,17,8
475,2022-06-16,1032.58,660,kcal,167,60,16,8
476,2022-06-17,1002.34,660,kcal,192,60,17,8
477,2022-06-18,1549.29,660,kcal,289,60,17,8
478,2022-06-19,1212.34,660,kcal,232,60,16,8
479,2022-06-20,1169.15,660,kcal,163,60,15,8
480,2022-06-21,1010.11,660,kcal,181,60,14,8
481,2022-06-22,1240.54,660,kcal,227,60,16,8
482,2022-06-23,1062.76,660,kcal,229,60,17,8
483,2022-06-24,1050.32,660,kcal,194,60,16,8
484,2022-06-25,1252.56,660,kcal,248,60,16,8
485,2022-06-26,1501.79,660,kcal,237,60,16,8
486,2022-06-27,1015.49,660,kcal,201,60,12,8
487,2022-06-28,1160.65,660,kcal,220,60,15,8
488,2022-06-29,1399.12,660,kcal,248,60,16,8
489,2022-06-30,1092.9,660,kcal,202,60,15,8
490,2022-07-01,1117.42,660,kcal,197,60,16,8
491,2022-07-02,1535.31,660,kcal,222,60,17,8
492,2022-07-03,1246.21,660,kcal,223,60,15,8
493,2022-07-04,1234.97,660,kcal,223,60,16,8
494,2022-07-05,1001.76,660,kcal,202,60,15,8
495,2022-07-06,1495.56,660,kcal,321,60,15,8
496,2022-07-07,1097.93,660,kcal,168,60,12,8
497,2022-07-08,1316.42,660,kcal,220,60,15,8
498,2022-07-09,1257.71,660,kcal,266,60,15,8
499,2022-07-10,924.77,660,kcal,172,60,9,8
500,2022-07-11,1566.31,660,kcal,242,60,16,8
501,2022-07-12,1251.43,660,kcal,227,60,16,8
502,2022-07-13,1220.53,660,kcal,220,60,16,8
503,2022-07-14,1139.66,660,kcal,204,60,15,8
504,2022-07-15,1187.44,660,kcal,208,60,16,8
505,2022-07-16,1051.81,660,kcal,197,60,12,8
